<?xml version="1.0" encoding="UTF-8"?>

<StructureDefinition xmlns="http://hl7.org/fhir">
  <id value="instant"/>
  <text>
    <status value="generated"/>
    <div xmlns="http://www.w3.org/1999/xhtml">to do</div>
  </text>
  <url value="http://hl7.org/fhir/StructureDefinition/instant"/>
  <name value="instant"/>
  <status value="draft"/>
  <date value="2018-06-12T19:15:59+10:00"/>
  <publisher value="HL7 FHIR Standard"/>
  <contact>
    <telecom>
      <system value="url"/>
      <value value="http://hl7.org/fhir"/>
    </telecom>
  </contact>
  <description value="Base StructureDefinition for instant Type: An instant in time - known at least to the second"/>
  <fhirVersion value="3.0.1"/>
  <kind value="primitive-type"/>
  <abstract value="false"/>
  <type value="instant"/>
  <baseDefinition value="http://hl7.org/fhir/StructureDefinition/Element"/>
  <derivation value="specialization"/>
  <snapshot>
    <element id="instant">
      <path value="instant"/>
      <short value="Primitive Type instant"/>
      <definition value="An instant in time - known at least to the second"/>
      <comment value="Note: This is intended for precisely observed times, typically system logs etc., and not human-reported times - for them, see date and dateTime below. Time zone is always required"/>
      <min value="0"/>
      <max value="*"/>
      <constraint>
        <key value="ele-1"/>
        <severity value="error"/>
        <human value="All FHIR elements must have a @value or children"/>
        <expression value="hasValue() | (children().count() &gt; id.count())"/>
        <xpath value="@value|f:*|h:div"/>
        <source value="Element"/>
      </constraint>
    </element>
    <element id="instant.id">
      <path value="instant.id"/>
      <representation value="xmlAttr"/>
      <short value="xml:id (or equivalent in JSON)"/>
      <definition value="unique id for the element within a resource (for internal references)"/>
      <min value="0"/>
      <max value="1"/>
      <base>
        <path value="Element.id"/>
        <min value="0"/>
        <max value="1"/>
      </base>
      <type>
        <code value="string"/>
      </type>
    </element>
    <element id="instant.extension">
      <path value="instant.extension"/>
      <short value="Additional Content defined by implementations"/>
      <definition value="May be used to represent additional information that is not part of the basic definition of the resource. In order to make the use of extensions safe and manageable, there is a strict set of governance  applied to the definition and use of extensions. Though any implementer is allowed to define an extension, there is a set of requirements that SHALL be met as part of the definition of the extension."/>
      <comment value="There can be no stigma associated with the use of extensions by any application, project, or standard - regardless of the institution or jurisdiction that uses or defines the extensions.  The use of extensions is what allows the FHIR specification to retain a core level of simplicity for everyone."/>
      <alias value="extensions"/>
      <alias value="user content"/>
      <min value="0"/>
      <max value="*"/>
      <base>
        <path value="Element.extension"/>
        <min value="0"/>
        <max value="*"/>
      </base>
      <type>
        <code value="Extension"/>
      </type>
    </element>
    <element id="instant.value">
      <path value="instant.value"/>
      <representation value="xmlAttr"/>
      <short value="Primitive value for instant"/>
      <definition value="The actual value"/>
      <min value="0"/>
      <max value="1"/>
    <!-- Note: primitive values do not have an assigned type. e.g. this is compiler magic. XML, JSON and RDF types provided by extension -->
      <type>
        <code>
          <extension url="http://hl7.org/fhir/StructureDefinition/structuredefinition-json-type">
            <valueString value="string"/>
          </extension>
          <extension url="http://hl7.org/fhir/StructureDefinition/structuredefinition-xml-type">
            <valueString value="xsd:dateTime"/>
          </extension>
          <extension url="http://hl7.org/fhir/StructureDefinition/structuredefinition-rdf-type">
            <valueString value="xsd:dateTime"/>
          </extension>
        </code>
      </type>
    </element>
  </snapshot>
  <differential>
    <element id="instant">
      <path value="instant"/>
      <short value="Primitive Type instant"/>
      <definition value="An instant in time - known at least to the second"/>
      <comment value="Note: This is intended for precisely observed times, typically system logs etc., and not human-reported times - for them, see date and dateTime below. Time zone is always required"/>
      <min value="0"/>
      <max value="*"/>
    </element>
    <element id="instant.value">
      <path value="instant.value"/>
      <representation value="xmlAttr"/>
      <short value="Primitive value for instant"/>
      <definition value="Primitive value for instant"/>
      <min value="0"/>
      <max value="1"/>
    <!-- Note: primitive values do not have an assigned type. e.g. this is compiler magic. XML, JSON and RDF types provided by extension -->
      <type>
        <code>
          <extension url="http://hl7.org/fhir/StructureDefinition/structuredefinition-json-type">
            <valueString value="string"/>
          </extension>
          <extension url="http://hl7.org/fhir/StructureDefinition/structuredefinition-xml-type">
            <valueString value="xsd:dateTime"/>
          </extension>
          <extension url="http://hl7.org/fhir/StructureDefinition/structuredefinition-rdf-type">
            <valueString value="xsd:dateTime"/>
          </extension>
        </code>
      </type>
    </element>
  </differential>
</StructureDefinition>