<?xml version="1.0" encoding="UTF-8"?><MedicationDispense xmlns="http://hl7.org/fhir">
    <id value="meddisp0324"/>
    <text><status value="generated"/><div xmlns="http://www.w3.org/1999/xhtml"><p><b>Generated Narrative with Details</b></p><p><b>id</b>: meddisp0324</p><p><b>status</b>: completed</p><p><b>medication</b>: Nystex 100,000 UNT/GM Topical Ointment <span>(Details : {RxNorm code &#39;884375&#39; = &#39;Nystex 100,000 UNT/GM Topical Ointment&#39;, given as &#39;Nystex 100,000 UNT/GM Topical Ointment&#39;})</span></p><p><b>subject</b>: <a>Donald Duck</a></p><h3>Performers</h3><table><tr><td>-</td><td><b>Actor</b></td><td><b>OnBehalfOf</b></td></tr><tr><td>*</td><td><a>Practitioner/f006</a></td><td><a>Organization/2.16.840.1.113883.19.5</a></td></tr></table><p><b>authorizingPrescription</b>: <a>MedicationRequest/medrx0321</a></p><p><b>type</b>: Refill - Part Fill <span>(Details : {http:hl7.org/fhir/ValueSet/v3-ActPharmacySupplyType code &#39;RFP&#39; = &#39;RFP&#39;, given as &#39;Refill - Part Fill&#39;})</span></p><p><b>quantity</b>: 30 gm<span> (Details: UCUM code gm = &#39;gm&#39;)</span></p><p><b>daysSupply</b>: 10 Day<span> (Details: UCUM code d = &#39;d&#39;)</span></p><p><b>whenPrepared</b>: 15/01/2015 10:20:00 AM</p><p><b>whenHandedOver</b>: 15/01/2015 4:20:00 PM</p><p><b>dosageInstruction</b>: </p></div></text><status value="completed"/>
    <medicationCodeableConcept>
        <coding>
            <system value="http://www.nlm.nih.gov/research/umls/rxnorm"/>
            <code value="884375"/>
            <display value="Nystex 100,000 UNT/GM Topical Ointment"/>
        </coding>
    </medicationCodeableConcept>
    <subject>   
        <reference value="Patient/pat1"/>
        <display value="Donald Duck"/>
    </subject>
    <performer>
        <actor>
            <reference value="Practitioner/f006"/>
        </actor>
        <onBehalfOf>
            <reference value="Organization/2.16.840.1.113883.19.5"/>
        </onBehalfOf>
    </performer>
    <authorizingPrescription>
        <reference value="MedicationRequest/medrx0321"/>
    </authorizingPrescription>
    <type>
        <coding>
            <system value="http:hl7.org/fhir/ValueSet/v3-ActPharmacySupplyType"/>
            <code value="RFP"/>
            <display value="Refill - Part Fill"/>
        </coding>
    </type>
    <quantity>
        <value value="30"/>
        <system value="http://unitsofmeasure.org"/>
        <code value="gm"/>
    </quantity>
    <daysSupply>
        <value value="10"/>
        <unit value="Day"/>
        <system value="http://unitsofmeasure.org"/>
        <code value="d"/>
    </daysSupply>
    <whenPrepared value="2015-01-15T10:20:00Z"/>
    <whenHandedOver value="2015-01-15T16:20:00Z"/>
    <dosageInstruction>
        <sequence value="1"/>
        <text value="Apply to affected areas four times daily"/>
        <timing>
            <repeat>
                <frequency value="4"/>
                <period value="1"/>
                <periodUnit value="d"/>
            </repeat>
        </timing>
        <doseQuantity>
            <value value="1"/>
            <unit value="ea"/>
            <system value="http://unitsofmeasure.org"/>
            <code value="ea"/>
        </doseQuantity>
    </dosageInstruction>
</MedicationDispense>