<?xml version="1.0" encoding="UTF-8"?><MedicationDispense xmlns="http://hl7.org/fhir">
    <id value="meddisp0327"/>
    <text><status value="generated"/><div xmlns="http://www.w3.org/1999/xhtml"><p><b>Generated Narrative with Details</b></p><p><b>id</b>: meddisp0327</p><p><b>status</b>: completed</p><p><b>medication</b>: Proventil 0.09mg/actuat (Albuterol sulfate 0.108mg/actuat from mouthpiece) <span>(Details : {RxNorm code &#39;746763&#39; = &#39;Proventil HFA 90 MCG/INHAL Metered Dose Inhaler, 200 Actuations&#39;, given as &#39;Proventil 0.09mg/actuat (Albuterol sulfate 0.108mg/actuat from mouthpiece)&#39;})</span></p><p><b>subject</b>: <a>Donald Duck</a></p><h3>Performers</h3><table><tr><td>-</td><td><b>Actor</b></td><td><b>OnBehalfOf</b></td></tr><tr><td>*</td><td><a>Practitioner/f006</a></td><td><a>Organization/2.16.840.1.113883.19.5</a></td></tr></table><p><b>authorizingPrescription</b>: <a>MedicationRequest/medrx0321</a></p><p><b>type</b>: Trial Fill <span>(Details : {http://hl7.org/fhir/v3/ActCode code &#39;TF&#39; = &#39;Trial Fill&#39;, given as &#39;Trial Fill&#39;})</span></p><p><b>quantity</b>: 30 ml<span> (Details: UCUM code ml = &#39;ml&#39;)</span></p><p><b>daysSupply</b>: 30 Day<span> (Details: UCUM code d = &#39;d&#39;)</span></p><p><b>whenPrepared</b>: 15/01/2015 10:20:00 AM</p><p><b>whenHandedOver</b>: 15/01/2015 4:20:00 PM</p><p><b>dosageInstruction</b>: </p></div></text><status value="completed"/>
    <medicationCodeableConcept>
        <coding>
            <system value="http://www.nlm.nih.gov/research/umls/rxnorm"/>
            <code value="746763"/>
            <display value="Proventil 0.09mg/actuat (Albuterol sulfate 0.108mg/actuat from mouthpiece)"/>
        </coding>
    </medicationCodeableConcept>
    <subject>
        <reference value="Patient/pat1"/>
        <display value="Donald Duck"/>
    </subject>
    <performer>
        <actor>
            <reference value="Practitioner/f006"/>
        </actor>
        <onBehalfOf>
            <reference value="Organization/2.16.840.1.113883.19.5"/>
        </onBehalfOf>
    </performer>
    <authorizingPrescription>
        <reference value="MedicationRequest/medrx0321"/>
    </authorizingPrescription>
    <type>
        <coding>
            <system value="http://hl7.org/fhir/v3/ActCode"/>
            <code value="TF"/>
            <display value="Trial Fill"/>
        </coding>
    </type>
    <quantity>
        <value value="30"/>
        <system value="http://unitsofmeasure.org"/>
        <code value="ml"/>
    </quantity>
    <daysSupply>
        <value value="30"/>
        <unit value="Day"/>
        <system value="http://unitsofmeasure.org"/>
        <code value="d"/>
    </daysSupply>
    <whenPrepared value="2015-01-15T10:20:00Z"/>
    <whenHandedOver value="2015-01-15T16:20:00Z"/>
    <dosageInstruction>
        <sequence value="1"/>
        <text value="Use two sprays twice daily"/>
        <additionalInstruction>
            <text value="Shake Well"/>
        </additionalInstruction>
        <timing>
            <repeat>
                <frequency value="2"/>
                <period value="1"/>
                <periodUnit value="d"/>
            </repeat>
        </timing>
        <doseQuantity>
            <value value="1"/>
            <unit value="ea"/>
            <system value="http://unitsofmeasure.org"/>
            <code value="ea"/>
        </doseQuantity>
    </dosageInstruction>
</MedicationDispense>