<?xml version="1.0" encoding="UTF-8"?><MedicationDispense xmlns="http://hl7.org/fhir">
    <id value="meddisp0326"/>
    <text><status value="generated"/><div xmlns="http://www.w3.org/1999/xhtml"><p><b>Generated Narrative with Details</b></p><p><b>id</b>: meddisp0326</p><p><b>status</b>: in-progress</p><p><b>medication</b>: Azithromycin 500mg oral tablet (Zithromax) <span>(Details : {RxNorm code &#39;226827&#39; = &#39;Zithromax 500 MG Oral Tablet&#39;, given as &#39;Azithromycin 500mg oral tablet (Zithromax)&#39;})</span></p><p><b>subject</b>: <a>Donald Duck</a></p><h3>Performers</h3><table><tr><td>-</td><td><b>Actor</b></td><td><b>OnBehalfOf</b></td></tr><tr><td>*</td><td><a>Practitioner/f006</a></td><td><a>Organization/2.16.840.1.113883.19.5</a></td></tr></table><p><b>authorizingPrescription</b>: <a>MedicationRequest/medrx0313</a></p><p><b>type</b>: trial Fill <span>(Details : {http://hl7.org/fhir/v3/ActCode code &#39;TF&#39; = &#39;Trial Fill&#39;, given as &#39;trial Fill&#39;})</span></p><p><b>quantity</b>: 5 TAB<span> (Details: UCUM code TAB = &#39;TAB&#39;)</span></p><p><b>daysSupply</b>: 5 Day<span> (Details: UCUM code d = &#39;d&#39;)</span></p><p><b>whenPrepared</b>: 15/01/2015 10:20:00 AM</p><p><b>dosageInstruction</b>: </p></div></text><status value="in-progress"/>
   <medicationCodeableConcept>
       <coding>
           <system value="http://www.nlm.nih.gov/research/umls/rxnorm"/>
           <code value="226827"/>
           <display value="Azithromycin 500mg oral tablet (Zithromax)"/>
       </coding>
   </medicationCodeableConcept>
    <subject>
        <reference value="Patient/pat1"/>
        <display value="Donald Duck"/>
    </subject>
    <performer>
       
        <actor>
            <reference value="Practitioner/f006"/>
        </actor>
        <onBehalfOf>
            <reference value="Organization/2.16.840.1.113883.19.5"/>
        </onBehalfOf>
    </performer>
    <authorizingPrescription>
        <reference value="MedicationRequest/medrx0313"/>
    </authorizingPrescription>
    <type>
        <coding>
            <system value="http://hl7.org/fhir/v3/ActCode"/>
            <code value="TF"/>
            <display value="trial Fill"/>
        </coding>
    </type>
    <quantity>
        <value value="5"/>
        <system value="http://unitsofmeasure.org"/>
        <code value="TAB"/>
    </quantity>
    <daysSupply>
        <value value="5"/>
        <unit value="Day"/>
        <system value="http://unitsofmeasure.org"/>
        <code value="d"/>
    </daysSupply>
    <whenPrepared value="2015-01-15T10:20:00Z"/>
    <dosageInstruction>
        <sequence value="1"/>
        <text value="500mg daily for 5 days"/>
        <additionalInstruction>
            <coding>
                <system value="http://snomed.info/sct"/>
                <code value="421984009"/>
                <display value="Until finished - dosing instruction fragment (qualifier value)"/>
            </coding>
        </additionalInstruction>
        <timing>
            <repeat>
                <frequency value="1"/>
                <period value="1"/>
                <periodUnit value="d"/>
            </repeat>
        </timing>
        <route>
            <coding>
                <system value="http://snomed.info/sct"/>
                <code value="26643006"/>
                <display value="Oral Route (qualifier value)"/>
            </coding>
        </route>
        <doseQuantity>
            <value value="500"/>
            <unit value="mg"/>
            <system value="http://unitsofmeasure.org"/>
            <code value="mg"/>
        </doseQuantity>
    </dosageInstruction> 
</MedicationDispense>