<?xml version="1.0" encoding="UTF-8"?><MedicationDispense xmlns="http://hl7.org/fhir">
    <id value="meddisp0306"/>
    <text><status value="generated"/><div xmlns="http://www.w3.org/1999/xhtml"><p><b>Generated Narrative with Details</b></p><p><b>id</b>: meddisp0306</p><p><b>contained</b>: </p><p><b>status</b>: in-progress</p><p><b>medication</b>: Alemtuzumab 10mg/ml (Lemtrada). Generated Summary: id: med0303; Alemtuzumab 10mg/ml (Lemtrada) <span>(Details : {RxNorm code &#39;1594660&#39; = &#39;alemtuzumab 10 MG/ML [Lemtrada]&#39;, given as &#39;Alemtuzumab 10mg/ml (Lemtrada)&#39;})</span></p><p><b>subject</b>: <a>Donald Duck</a></p><h3>Performers</h3><table><tr><td>-</td><td><b>Actor</b></td><td><b>OnBehalfOf</b></td></tr><tr><td>*</td><td><a>Practitioner/f006</a></td><td><a>Organization/2.16.840.1.113883.19.5</a></td></tr></table><p><b>authorizingPrescription</b>: <a>MedicationRequest/medrx0317</a></p><p><b>type</b>: Daily Fill <span>(Details : {http://hl7.org/fhir/v3/ActCode code &#39;DF&#39; = &#39;Daily Fill&#39;, given as &#39;Daily Fill&#39;})</span></p><p><b>quantity</b>: 5 415818006<span> (Details: SNOMED CT code 415818006 = &#39;Vial&#39;)</span></p><p><b>daysSupply</b>: 7 Day<span> (Details: UCUM code d = &#39;d&#39;)</span></p><p><b>whenPrepared</b>: 15/01/2015 10:20:00 AM</p><p><b>dosageInstruction</b>: , , </p></div></text><contained>
        <Medication>
            <id value="med0303"/>
            <code>
                <coding>
                    <system value="http://www.nlm.nih.gov/research/umls/rxnorm"/>
                    <code value="1594660"/>
                    <display value="Alemtuzumab 10mg/ml (Lemtrada)"/>
                </coding>
            </code>
        </Medication>
    </contained>
    <status value="in-progress"/>
    <medicationReference>
        <!--   Linked to a RESOURCE Medication   -->
        <reference value="#med0303"/>
        <display value="Alemtuzumab 10mg/ml (Lemtrada)"/>
    </medicationReference>
    <subject>
        <reference value="Patient/pat1"/>
        <display value="Donald Duck"/>
    </subject>
    <performer>
        <actor>
            <reference value="Practitioner/f006"/>
        </actor>
        <onBehalfOf>
            <reference value="Organization/2.16.840.1.113883.19.5"/>
        </onBehalfOf>
    </performer>
    <authorizingPrescription>
        <reference value="MedicationRequest/medrx0317"/>
    </authorizingPrescription>
    <type>
        <coding>
            <system value="http://hl7.org/fhir/v3/ActCode"/>
            <code value="DF"/>
            <display value="Daily Fill"/>
        </coding>
    </type>
    <quantity>
        <value value="5"/>
        <system value="http://snomed.info/sct"/>
        <code value="415818006"/>
    </quantity>
    <daysSupply>
        <value value="7"/>
        <unit value="Day"/>
        <system value="http://unitsofmeasure.org"/>
        <code value="d"/>
    </daysSupply>
    <whenPrepared value="2015-01-15T10:20:00Z"/>
    <dosageInstruction>
        <sequence value="1"/>
        <text value="Rapid daily-dose escalation, until tolerated, from 3 mg/d, and then 10 mg/d, to the recommended maintenance dose of 30 mg IV over 120 min, 3 times per wk on alternate days for up to 12 wk"/>
        <additionalInstruction>
            <text value="Rapidly increase dose until tolerated"/>
        </additionalInstruction>
        <additionalInstruction>
            <text value="Administer on alternate days"/>
        </additionalInstruction>
        <timing>
            <repeat>
                <duration value="12"/>
                <durationUnit value="wk"/>
                <frequency value="3"/>
                <period value="1"/>
                <periodUnit value="wk"/>
            </repeat>
        </timing>
        <route>
            <coding>
                <system value="http://snomed.info/sct"/>
                <code value="47625008"/>
                <display value="Intravenous route (qualifier value)"/>
            </coding>
        </route>
        <method>
            <coding>
                <system value="http://snomed.info/sct"/>
                <code value="422145002"/>
                <display value="Inject - dosing instruction imperative (qualifier value)"/>
            </coding>
        </method>
        <doseQuantity>
            <value value="3"/>
            <unit value="mg"/>
            <system value="http://unitsofmeasure.org"/>
            <code value="mg"/>
        </doseQuantity>
    </dosageInstruction>
    <dosageInstruction>
        <sequence value="2"/>
        <text value="Rapid daily-dose escalation, until tolerated, from 3 mg/d, and then 10 mg/d, to the recommended maintenance dose of 30 mg IV over 120 min, 3 times per wk on alternate days for up to 12 wk"/>
        <additionalInstruction>
            <text value="Rapidly increase dose until tolerated"/>
        </additionalInstruction>
        <additionalInstruction>
            <text value="Administer on alternate days"/>
        </additionalInstruction>
        <timing>
            <repeat>
                <duration value="12"/>
                <durationUnit value="wk"/>
                <frequency value="3"/>
                <period value="1"/>
                <periodUnit value="wk"/>
            </repeat>
        </timing>
        <route>
            <coding>
                <system value="http://snomed.info/sct"/>
                <code value="47625008"/>
                <display value="Intravenous route (qualifier value)"/>
            </coding>
        </route>
        <method>
            <coding>
                <system value="http://snomed.info/sct"/>
                <code value="422145002"/>
                <display value="Inject - dosing instruction imperative (qualifier value)"/>
            </coding>
        </method>
        <doseQuantity>
            <value value="10"/>
            <unit value="mg"/>
            <system value="http://unitsofmeasure.org"/>
            <code value="mg"/>
        </doseQuantity>
    </dosageInstruction>  
    <dosageInstruction>
        <sequence value="3"/>
        <text value="Rapid daily-dose escalation, until tolerated, from 3 mg/d, and then 10 mg/d, to the recommended maintenance dose of 30 mg IV over 120 min, 3 times per wk on alternate days for up to 12 wk"/>
        <additionalInstruction>
            <text value="Rapidly increase dose until tolerated"/>
        </additionalInstruction>
        <additionalInstruction>
            <text value="Administer on alternate days"/>
        </additionalInstruction>
        <timing>
            <repeat>
                <duration value="12"/>
                <durationUnit value="wk"/>
                <frequency value="3"/>
                <period value="1"/>
                <periodUnit value="wk"/>
            </repeat>
        </timing>
        <route>
            <coding>
                <system value="http://snomed.info/sct"/>
                <code value="47625008"/>
                <display value="Intravenous route (qualifier value)"/>
            </coding>
        </route>
        <method>
            <coding>
                <system value="http://snomed.info/sct"/>
                <code value="422145002"/>
                <display value="Inject - dosing instruction imperative (qualifier value)"/>
            </coding>
        </method>
        <doseQuantity>
            <value value="30"/>
            <unit value="mg"/>
            <system value="http://unitsofmeasure.org"/>
            <code value="mg"/>
        </doseQuantity>
    </dosageInstruction>
</MedicationDispense>