<?xml version="1.0" encoding="UTF-8"?><Medication xmlns="http://hl7.org/fhir">
  <id value="med0314"/>
  <text><status value="generated"/><div xmlns="http://www.w3.org/1999/xhtml"><p><b>Generated Narrative with Details</b></p><p><b>id</b>: med0314</p><p><b>code</b>: Alprazolam 0.25mg Oral Tablet <span>(Details : {RxNorm code &#39;308047&#39; = &#39;ALPRAZolam 0.25 MG Oral Tablet&#39;, given as &#39;Alprazolam 0.25mg Oral Tablet&#39;})</span></p><p><b>isBrand</b>: false</p><p><b>form</b>: Tablet dose form (qualifier value) <span>(Details : {SNOMED CT code &#39;385055001&#39; = &#39;Tablet&#39;, given as &#39;Tablet dose form (qualifier value)&#39;})</span></p><h3>Ingredients</h3><table><tr><td>-</td><td><b>Item[x]</b></td><td><b>Amount</b></td></tr><tr><td>*</td><td>Alprazolam (substance) <span>(Details : {SNOMED CT code &#39;386983007&#39; = &#39;Alprazolam&#39;, given as &#39;Alprazolam (substance)&#39;})</span></td><td>0.25 mg<span> (Details: UCUM code mg = &#39;mg&#39;)</span>/1 Tablet dose form (qualifier value)<span> (Details: SNOMED CT code Tablet dose form (qualifier value) = &#39;Tablet dose form (qualifier value)&#39;)</span></td></tr></table></div></text><code>
    <coding>
      <system value="http://www.nlm.nih.gov/research/umls/rxnorm"/>
      <code value="308047"/>
      <display value="Alprazolam 0.25mg Oral Tablet"/>
    </coding>
  </code>
  <isBrand value="false"/>
    <form>
      <coding>
        <system value="http://snomed.info/sct"/>
        <code value="385055001"/>
        <display value="Tablet dose form (qualifier value)"/>
      </coding>
    </form>
    <ingredient>
      <itemCodeableConcept>
        <coding>
          <system value="http://snomed.info/sct"/>
          <code value="386983007"/>
          <display value="Alprazolam (substance)"/>
        </coding>
      </itemCodeableConcept>
      <amount>
        <numerator>
          <value value="0.25"/>
          <system value="http://unitsofmeasure.org"/>
          <code value="mg"/>
        </numerator>
        <denominator>
          <value value="1"/>
          <system value="http://snomed.info/sct"/>
          <code value="Tablet dose form (qualifier value)"/>
        </denominator>
      </amount>
    </ingredient>
  
</Medication>