<?xml version="1.0" encoding="UTF-8"?><Medication xmlns="http://hl7.org/fhir">
  <id value="med0301"/>
  <text><status value="generated"/><div xmlns="http://www.w3.org/1999/xhtml"><p><b>Generated Narrative with Details</b></p><p><b>id</b>: med0301</p><p><b>contained</b>: </p><p><b>code</b>: Vancomycin Hydrochloride (VANCOMYCIN HYDROCHLORIDE) <span>(Details : {http://hl7.org/fhir/sid/ndc code &#39;0069-2587-10&#39; = &#39;0069-2587-10&#39;, given as &#39;Vancomycin Hydrochloride (VANCOMYCIN HYDROCHLORIDE)&#39;})</span></p><p><b>status</b>: active</p><p><b>isBrand</b>: true</p><p><b>isOverTheCounter</b>: false</p><p><b>manufacturer</b>: id: org4; name: Pfizer Laboratories Div Pfizer Inc</p><p><b>form</b>: Injection Solution (qualifier value) <span>(Details : {SNOMED CT code &#39;385219001&#39; = &#39;Injection solution&#39;, given as &#39;Injection Solution (qualifier value)&#39;})</span></p><h3>Ingredients</h3><table><tr><td>-</td><td><b>Item[x]</b></td><td><b>IsActive</b></td><td><b>Amount</b></td></tr><tr><td>*</td><td>Vancomycin Hydrochloride <span>(Details : {RxNorm code &#39;66955&#39; = &#39;Vancomycin Hydrochloride&#39;, given as &#39;Vancomycin Hydrochloride&#39;})</span></td><td>true</td><td>500 mg<span> (Details: UCUM code mg = &#39;mg&#39;)</span>/10 mL<span> (Details: UCUM code mL = &#39;mL&#39;)</span></td></tr></table><blockquote><p><b>package</b></p><p><b>container</b>: Vial <span>(Details : {SNOMED CT code &#39;415818006&#39; = &#39;Vial&#39;, given as &#39;Vial&#39;})</span></p><h3>Contents</h3><table><tr><td>-</td><td><b>Item[x]</b></td><td><b>Amount</b></td></tr><tr><td>*</td><td>Vancomycin 500mg powder for infusion solution vial (product) <span>(Details : {SNOMED CT code &#39;324337001&#39; = &#39;Vancomycin 500mg injection (pdr for recon)&#39;, given as &#39;Vancomycin 500mg powder for infusion solution vial (product)&#39;})</span></td><td>10 mL<span> (Details: UCUM code mL = &#39;mL&#39;)</span></td></tr></table><h3>Batches</h3><table><tr><td>-</td><td><b>LotNumber</b></td><td><b>ExpirationDate</b></td></tr><tr><td>*</td><td>9494788</td><td>22/05/2017</td></tr></table></blockquote><p><b>image</b>: </p></div></text><contained>
    <Organization>
      <id value="org4"/>
      <name value="Pfizer Laboratories Div Pfizer Inc"/>
    </Organization>
  </contained>
  <code>
    <coding>
      <system value="http://hl7.org/fhir/sid/ndc"/>
      <code value="0069-2587-10"/>
      <display value="Vancomycin Hydrochloride (VANCOMYCIN HYDROCHLORIDE)"/>
    </coding>
  </code>
  <status value="active"/>
  <isBrand value="true"/>
  <isOverTheCounter value="false"/>
  <manufacturer>
    <reference value="#org4"/>
  </manufacturer>
    <form>
      <coding>
        <system value="http://snomed.info/sct"/>
        <code value="385219001"/>
        <display value="Injection Solution (qualifier value)"/>
      </coding>
    </form>
    <ingredient>
      <itemCodeableConcept>
        <coding>
          <system value="http://www.nlm.nih.gov/research/umls/rxnorm"/>
          <code value="66955"/>
          <display value="Vancomycin Hydrochloride"/>
        </coding>
      </itemCodeableConcept>
      <isActive value="true"/>
      <amount>
        <numerator>
          <value value="500"/>
          <system value="http://unitsofmeasure.org"/>
          <code value="mg"/>
        </numerator>
        <denominator>
          <value value="10"/>
          <system value="http://unitsofmeasure.org"/>
          <code value="mL"/>
        </denominator>
      </amount>
    </ingredient>

  <package>
    <container>
      <coding>
        <system value="http://snomed.info/sct"/>
        <code value="415818006"/>
        <display value="Vial"/>
      </coding>
    </container>
    <content>
      <itemCodeableConcept>
        <coding>
          <system value="http://snomed.info/sct"/>
          <code value="324337001"/>
          <display value="Vancomycin 500mg powder for infusion solution vial (product)"/>
        </coding>
      </itemCodeableConcept>
      <amount>
        <value value="10"/>
        <system value="http://unitsofmeasure.org"/>
        <code value="mL"/>
      </amount>
    </content>
    <batch>
      <lotNumber value="9494788"/>
      <expirationDate value="2017-05-22"/>
    </batch>
  </package>
  <image>
    <contentType value="application/pdf"/>
    <url value="https://www.drugs.com/images/pills/fio/AKN07410.JPG"/>
    <title value="Vancomycin Image"/>
  </image>
</Medication>