<?xml version="1.0" encoding="UTF-8"?><MedicationDispense xmlns="http://hl7.org/fhir">
    <id value="meddisp0303"/>
    <text><status value="generated"/><div xmlns="http://www.w3.org/1999/xhtml"><p><b>Generated Narrative with Details</b></p><p><b>id</b>: meddisp0303</p><p><b>contained</b>: </p><p><b>partOf</b>: <a>Procedure/biopsy</a></p><p><b>status</b>: on-hold</p><p><b>category</b>: Outpatient <span>(Details : {http://hl7.org/fhir/medication-dispense-category code &#39;outpatient&#39; = &#39;Outpatient&#39;, given as &#39;Outpatient&#39;})</span></p><p><b>medication</b>: id: med0310; Oxycodone Hydrochloride 5mg oral tablet (Roxicodone <span>(Details : {RxNorm code &#39;1049623&#39; = &#39;ROXICODONE 5 MG Oral Tablet&#39;, given as &#39;Oxycodone Hydrochloride 5mg oral tablet (Roxicodone&#39;})</span></p><p><b>subject</b>: <a>Donald Duck</a></p><p><b>context</b>: <a>Encounter/f001</a></p><h3>Performers</h3><table><tr><td>-</td><td><b>Actor</b></td><td><b>OnBehalfOf</b></td></tr><tr><td>*</td><td><a>Practitioner/f006</a></td><td><a>Organization/2.16.840.1.113883.19.5</a></td></tr></table><p><b>authorizingPrescription</b>: <a>MedicationRequest/medrx0310</a></p><p><b>type</b>: Emergency Supply <span>(Details : {http://hl7.org/fhir/v3/ActCode code &#39;EM&#39; = &#39;Emergency Supply&#39;, given as &#39;Emergency Supply&#39;})</span></p><p><b>quantity</b>: 30 TAB<span> (Details: http://hl7.org/fhir/v3/orderableDrugForm code TAB = &#39;Tablet&#39;)</span></p><p><b>daysSupply</b>: 10 Day<span> (Details: UCUM code d = &#39;d&#39;)</span></p><p><b>whenPrepared</b>: 15/04/2016 7:14:00 AM</p><p><b>dosageInstruction</b>: </p><p><b>detectedIssue</b>: <a>DetectedIssue/allergy</a></p><p><b>notDone</b>: true</p><p><b>notDoneReason</b>: <a>DetectedIssue/allergy</a></p></div></text><contained>
        <Medication>
            <id value="med0310"/>
            <code>
                <coding>
                    <system value="http://www.nlm.nih.gov/research/umls/rxnorm"/>
                    <code value="1049623"/>
                    <display value="Oxycodone Hydrochloride 5mg oral tablet (Roxicodone"/>
                </coding>
            </code>
        </Medication>
    </contained>
    <partOf>
        <reference value="Procedure/biopsy"/>
    </partOf>
    <status value="on-hold"/>
    <category>
        <coding>
            <system value="http://hl7.org/fhir/medication-dispense-category"/>
            <code value="outpatient"/>
            <display value="Outpatient"/>
        </coding>
    </category>
    <medicationReference>
        <!--   Linked to a RESOURCE Medication   -->
        <reference value="#med0310"/>
    </medicationReference>
    <subject>
        <reference value="Patient/pat1"/>
        <display value="Donald Duck"/>  
    </subject>
    <context>
        <reference value="Encounter/f001"/>
    </context>
    <performer>
        <actor>
            <reference value="Practitioner/f006"/>
        </actor>
        <onBehalfOf>
            <reference value="Organization/2.16.840.1.113883.19.5"/>
        </onBehalfOf>
    </performer>
    <authorizingPrescription>
        <reference value="MedicationRequest/medrx0310"/>
    </authorizingPrescription>
    <type>
        <coding>
            <system value="http://hl7.org/fhir/v3/ActCode"/>
            <code value="EM"/>
            <display value="Emergency Supply"/>
        </coding>
    </type>
    <quantity>
        <value value="30"/>
        <system value="http://hl7.org/fhir/v3/orderableDrugForm"/>
        <code value="TAB"/>
    </quantity>
    <daysSupply>
        <value value="10"/>
        <unit value="Day"/>
        <system value="http://unitsofmeasure.org"/>
        <code value="d"/>
    </daysSupply>
    <whenPrepared value="2016-04-15T07:14:00+05:00"/>
    <dosageInstruction>
        <sequence value="1"/>
        <text value="one to two tablets every 4-6 hours as needed for rib pain"/>
        <additionalInstruction>
            <coding>
                <system value="http://snomed.info/sct"/>
                <code value="418914006"/>
                <display value="Warning. May cause drowsiness. If affected do not drive or operate machinery. Avoid alcoholic drink (qualifier value)"/>
            </coding>
        </additionalInstruction>
        <timing>
            <repeat>
                <frequency value="1"/>
                <period value="4"/>
                <periodMax value="6"/>
                <periodUnit value="h"/>
            </repeat>
        </timing>
        <asNeededCodeableConcept>
            <coding>
                <system value="http://snomed.info/sct"/>
                <code value="297217002"/>
                <display value="Rib Pain (finding)"/>
            </coding>
        </asNeededCodeableConcept>
        <route>
            <coding>
                <system value="http://snomed.info/sct"/>
                <code value="26643006"/>
                <display value="Oral Route"/>
            </coding>
        </route>
        <method>
            <coding>
                <system value="http://snomed.info/sct"/>
                <code value="421521009"/>
                <display value="Swallow - dosing instruction imperative (qualifier value)"/>
            </coding>
        </method>
    </dosageInstruction>
    <detectedIssue>
        <reference value="DetectedIssue/allergy"/>
    </detectedIssue>
    <notDone value="true"/>
    <notDoneReasonReference>
        <reference value="DetectedIssue/allergy"/>
    </notDoneReasonReference>
</MedicationDispense>