<?xml version="1.0" encoding="UTF-8"?><Medication xmlns="http://hl7.org/fhir">
  <id value="medexample015"/>
  <text><status value="generated"/><div xmlns="http://www.w3.org/1999/xhtml"><p><b>Generated Narrative with Details</b></p><p><b>id</b>: medexample015</p><p><b>contained</b>: , </p><p><b>code</b>: Capecitabine 500mg oral tablet (Xeloda) <span>(Details : {RxNorm code &#39;213293&#39; = &#39;Xeloda 500 MG Oral Tablet&#39;, given as &#39;Capecitabine 500mg oral tablet (Xeloda)&#39;})</span></p><p><b>isBrand</b>: true</p><p><b>manufacturer</b>: id: org2; name: Gene Inc</p><p><b>form</b>: Tablet dose form (qualifier value) <span>(Details : {SNOMED CT code &#39;385055001&#39; = &#39;Tablet&#39;, given as &#39;Tablet dose form (qualifier value)&#39;})</span></p><h3>Ingredients</h3><table><tr><td>-</td><td><b>Item[x]</b></td><td><b>Amount</b></td></tr><tr><td>*</td><td>id: sub04; Capecitabine (substance) <span>(Details : {SNOMED CT code &#39;386906001&#39; = &#39;Capecitabine&#39;, given as &#39;Capecitabine (substance)&#39;})</span></td><td>500 mg<span> (Details: UCUM code mg = &#39;mg&#39;)</span>/1 TAB<span> (Details: http://hl7.org/fhir/v3/orderableDrugForm code TAB = &#39;Tablet&#39;)</span></td></tr></table><blockquote><p><b>package</b></p><p><b>container</b>: Bottle - unit of produce usage (qualifier value) <span>(Details : {SNOMED CT code &#39;419672006&#39; = &#39;Bottle&#39;, given as &#39;Bottle - unit of produce usage (qualifier value)&#39;})</span></p><h3>Contents</h3><table><tr><td>-</td><td><b>Item[x]</b></td></tr><tr><td>*</td><td>Capecitabine 500mg tablets (product) <span>(Details : {SNOMED CT code &#39;134622004&#39; = &#39;Capecitabine 500mg tablet&#39;, given as &#39;Capecitabine 500mg tablets (product)&#39;})</span></td></tr></table><h3>Batches</h3><table><tr><td>-</td><td><b>LotNumber</b></td><td><b>ExpirationDate</b></td></tr><tr><td>*</td><td>9494788</td><td>22/05/2017</td></tr></table></blockquote></div></text><contained>
    <Organization>
      <id value="org2"/>
      <name value="Gene Inc"/>
    </Organization>
  </contained>
  <contained>
    <Substance>
      <id value="sub04"/>
      <code>
        <coding>
          <system value="http://snomed.info/sct"/>
          <code value="386906001"/>
          <display value="Capecitabine (substance)"/>
        </coding>
      </code>
    </Substance>
  </contained>
  <code>
    <coding>
      <system value="http://www.nlm.nih.gov/research/umls/rxnorm"/>
      <code value="213293"/>
      <display value="Capecitabine 500mg oral tablet (Xeloda)"/>
    </coding>
  </code>
  <isBrand value="true"/>
  <manufacturer>
      <reference value="#org2"/>
  </manufacturer>
    <form>
      <coding>
        <system value="http://snomed.info/sct"/>
        <code value="385055001"/>
        <display value="Tablet dose form (qualifier value)"/>
      </coding>
    </form>
    <ingredient>
      <itemReference>
        <reference value="#sub04"/>
      </itemReference>
      <amount>
        <numerator>
          <value value="500"/>
          <system value="http://unitsofmeasure.org"/>
          <code value="mg"/>
        </numerator>
        <denominator>
          <value value="1"/>
          <system value="http://hl7.org/fhir/v3/orderableDrugForm"/>
          <code value="TAB"/>
        </denominator>
      </amount>
    </ingredient>

  
  <package>
    <container>
      <coding>
        <system value="http://snomed.info/sct"/>
        <code value="419672006"/>
        <display value="Bottle - unit of produce usage (qualifier value)"/>
      </coding>
    </container>
    <content>
      <itemCodeableConcept>
        <coding>
          <system value="http://snomed.info/sct"/>
          <!--   need to include code for capecitabine 500mg capsule   -->
          <code value="134622004"/>
          <display value="Capecitabine 500mg tablets (product)"/>
        </coding>
      </itemCodeableConcept>
    </content>
    <batch>
      <lotNumber value="9494788"/>
      <expirationDate value="2017-05-22"/>
    </batch>
  </package>
</Medication>