<?xml version="1.0" encoding="UTF-8"?><Medication xmlns="http://hl7.org/fhir">
  <id value="med0302"/>
  <text><status value="generated"/><div xmlns="http://www.w3.org/1999/xhtml"><p><b>Generated Narrative with Details</b></p><p><b>id</b>: med0302</p><p><b>contained</b>: </p><p><b>code</b>: Zosyn (piperacillin/tazobactam) 4.5gm injection <span>(Details : {http://hl7.org/fhir/sid/ndc code &#39;0206-8862-02&#39; = &#39;0206-8862-02&#39;, given as &#39;Zosyn (piperacillin/tazobactam) 4.5gm injection&#39;})</span></p><p><b>isBrand</b>: true</p><p><b>manufacturer</b>: id: org7; name: Wyeth Pharmaceuticals Inc</p><p><b>form</b>: Injection solution (qualifier vallue) <span>(Details : {SNOMED CT code &#39;385219001&#39; = &#39;Injection solution&#39;, given as &#39;Injection solution (qualifier vallue)&#39;})</span></p><blockquote><p><b>ingredient</b></p><p><b>item</b>: Piperacillin Sodium <span>(Details : {RxNorm code &#39;203134&#39; = &#39;Piperacillin Sodium&#39;, given as &#39;Piperacillin Sodium&#39;})</span></p><p><b>amount</b>: 4 g<span> (Details: UCUM code g = &#39;g&#39;)</span>/20 mL<span> (Details: UCUM code mL = &#39;mL&#39;)</span></p></blockquote><blockquote><p><b>ingredient</b></p><p><b>item</b>: Tazobactam Sodium <span>(Details : {RxNorm code &#39;221167&#39; = &#39;TAZOBACTAM SODIUM&#39;, given as &#39;Tazobactam Sodium&#39;})</span></p><p><b>amount</b>: 0.5 g<span> (Details: UCUM code g = &#39;g&#39;)</span>/20 mL<span> (Details: UCUM code mL = &#39;mL&#39;)</span></p></blockquote></div></text><contained>
    <Organization>
      <id value="org7"/>
      <name value="Wyeth Pharmaceuticals Inc"/>
    </Organization>
  </contained>
  <code>
    <coding>
      <system value="http://hl7.org/fhir/sid/ndc"/>
      <code value="0206-8862-02"/>
      <display value="Zosyn (piperacillin/tazobactam) 4.5gm injection"/>
    </coding>
  </code>
  <isBrand value="true"/>
  <manufacturer>
    <reference value="#org7"/>
  </manufacturer>
    <form>
      <coding>
        <system value="http://snomed.info/sct"/>
        <code value="385219001"/>
        <display value="Injection solution (qualifier vallue)"/>
      </coding>
    </form>
    <ingredient>
      <itemCodeableConcept>
        <coding>
          <system value="http://www.nlm.nih.gov/research/umls/rxnorm"/>
          <code value="203134"/>
          <display value="Piperacillin Sodium"/>
        </coding>
      </itemCodeableConcept>
      <amount>
        <numerator>
          <value value="4"/>
          <system value="http://unitsofmeasure.org"/>
          <code value="g"/>
        </numerator>
        <denominator>
          <value value="20"/>
          <system value="http://unitsofmeasure.org"/>
          <code value="mL"/>
        </denominator>
      </amount>
    </ingredient>
    <ingredient>
      <itemCodeableConcept>
        <coding>
          <system value="http://www.nlm.nih.gov/research/umls/rxnorm"/>
          <code value="221167"/>
          <display value="Tazobactam Sodium"/>
        </coding>
      </itemCodeableConcept>
      <amount>
        <numerator>
          <value value="0.5"/>
          <system value="http://unitsofmeasure.org"/>
          <code value="g"/>
        </numerator>
        <denominator>
          <value value="20"/>
          <system value="http://unitsofmeasure.org"/>
          <code value="mL"/>
        </denominator>
      </amount>
    </ingredient>
  
</Medication>