<?xml version="1.0" encoding="UTF-8"?><Medication xmlns="http://hl7.org/fhir">
  <id value="med0309"/>
  <text><status value="generated"/><div xmlns="http://www.w3.org/1999/xhtml"><p><b>Generated Narrative with Details</b></p><p><b>id</b>: med0309</p><p><b>contained</b>: </p><p><b>code</b>: Tylenol PM <span>(Details : {http://hl7.org/fhir/sid/ndc code &#39;50580-506-02&#39; = &#39;50580-506-02&#39;, given as &#39;Tylenol PM&#39;})</span></p><p><b>isBrand</b>: true</p><p><b>manufacturer</b>: id: org2; name: Johnson and Johnson Consume Inc, McNeil Consumer Healthcare Division</p><p><b>form</b>: Film-coated tablet (qualifier value) <span>(Details : {SNOMED CT code &#39;385057009&#39; = &#39;Film-coated tablet&#39;, given as &#39;Film-coated tablet (qualifier value)&#39;})</span></p><blockquote><p><b>ingredient</b></p><p><b>item</b>: Acetaminophen 500 MG <span>(Details : {RxNorm code &#39;315266&#39; = &#39;Acetaminophen 500 MG&#39;, given as &#39;Acetaminophen 500 MG&#39;})</span></p><p><b>amount</b>: 500 mg<span> (Details: UCUM code mg = &#39;mg&#39;)</span>/1 Tab<span> (Details: http://hl7.org/fhir/v3/orderableDrugForm code Tab = &#39;Tab&#39;)</span></p></blockquote><blockquote><p><b>ingredient</b></p><p><b>item</b>: Diphenhydramine Hydrochloride 25 mg <span>(Details : {RxNorm code &#39;901813&#39; = &#39;diphenhydrAMINE Hydrochloride 25 MG&#39;, given as &#39;Diphenhydramine Hydrochloride 25 mg&#39;})</span></p><p><b>amount</b>: 25 mg<span> (Details: UCUM code mg = &#39;mg&#39;)</span>/1 Tab<span> (Details: http://hl7.org/fhir/v3/orderableDrugForm code Tab = &#39;Tab&#39;)</span></p></blockquote><blockquote><p><b>package</b></p><h3>Batches</h3><table><tr><td>-</td><td><b>LotNumber</b></td><td><b>ExpirationDate</b></td></tr><tr><td>*</td><td>9494788</td><td>22/05/2017</td></tr></table></blockquote></div></text><contained>
    <Organization>
      <id value="org2"/>
      <name value="Johnson and Johnson Consume Inc, McNeil Consumer Healthcare Division"/>
    </Organization>
  </contained>
  <code>
    <coding>
      <system value="http://hl7.org/fhir/sid/ndc"/>
      <code value="50580-506-02"/>
      <display value="Tylenol PM"/>
    </coding>
  </code>
  <isBrand value="true"/>
  <manufacturer>
    <reference value="#org2"/>
  </manufacturer>
    <form>
      <coding>
        <system value="http://snomed.info/sct"/>
        <code value="385057009"/>
        <display value="Film-coated tablet (qualifier value)"/>
      </coding>
    </form>
    <ingredient>
      <itemCodeableConcept>
        <coding>
          <system value="http://www.nlm.nih.gov/research/umls/rxnorm"/>
          <code value="315266"/>
          <display value="Acetaminophen 500 MG"/>
        </coding>
      </itemCodeableConcept>
      <amount>
        <numerator>
          <value value="500"/>
          <system value="http://unitsofmeasure.org"/>
          <code value="mg"/>
        </numerator>
        <denominator>
          <value value="1"/>
          <system value="http://hl7.org/fhir/v3/orderableDrugForm"/>
          <code value="Tab"/>
        </denominator>
      </amount>
    </ingredient>
    <ingredient>
      <itemCodeableConcept>
        <coding>
          <system value="http://www.nlm.nih.gov/research/umls/rxnorm"/>
          <code value="901813"/>
          <display value="Diphenhydramine Hydrochloride 25 mg"/>
        </coding>
      </itemCodeableConcept>
      <amount>
        <numerator>
          <value value="25"/>
          <system value="http://unitsofmeasure.org"/>
          <code value="mg"/>
        </numerator>
        <denominator>
          <value value="1"/>
          <system value="http://hl7.org/fhir/v3/orderableDrugForm"/>
          <code value="Tab"/>
        </denominator>
      </amount>
    </ingredient>
   <package>
     <batch>
       <lotNumber value="9494788"/>
       <expirationDate value="2017-05-22"/>
     </batch> 
   </package> 
  
</Medication>