<?xml version="1.0" encoding="UTF-8"?><Medication xmlns="http://hl7.org/fhir">
  <id value="med0315"/>
  <text><status value="generated"/><div xmlns="http://www.w3.org/1999/xhtml"><p><b>Generated Narrative with Details</b></p><p><b>id</b>: med0315</p><p><b>code</b>: Mometasone Furoate 0.05mg/Actuat <span>(Details : {RxNorm code &#39;358793&#39; = &#39;mometasone furoate 0.05 MG/ACTUAT&#39;, given as &#39;Mometasone Furoate 0.05mg/Actuat&#39;})</span></p><p><b>isBrand</b>: false</p><p><b>form</b>: Nasal Spray <span>(Details : {SNOMED CT code &#39;385157007&#39; = &#39;Nasal spray&#39;, given as &#39;Nasal Spray&#39;})</span></p></div></text><code>
    <coding>
      <system value="http://www.nlm.nih.gov/research/umls/rxnorm"/>
      <code value="358793"/>
      <display value="Mometasone Furoate 0.05mg/Actuat"/>
    </coding>
  </code>
  <isBrand value="false"/>
    <form>
      <coding>
        <system value="http://snomed.info/sct"/>
        <code value="385157007"/>
        <display value="Nasal Spray"/>
      </coding>
    </form>
  
</Medication>