<?xml version="1.0" encoding="UTF-8"?><MedicationDispense xmlns="http://hl7.org/fhir">
    <id value="meddisp0316"/>
    <text><status value="generated"/><div xmlns="http://www.w3.org/1999/xhtml"><p><b>Generated Narrative with Details</b></p><p><b>id</b>: meddisp0316</p><p><b>status</b>: in-progress</p><p><b>medication</b>: Lantus 100 unit/ml injectable solution <span>(Details : {RxNorm code &#39;285018&#39; = &#39;Lantus 100 UNT/ML Injectable Solution&#39;, given as &#39;Lantus 100 unit/ml injectable solution&#39;})</span></p><p><b>subject</b>: <a>Donald Duck </a></p><h3>Performers</h3><table><tr><td>-</td><td><b>Actor</b></td><td><b>OnBehalfOf</b></td></tr><tr><td>*</td><td><a>Practitioner/f006</a></td><td><a>Organization/2.16.840.1.113883.19.5</a></td></tr></table><p><b>authorizingPrescription</b>: <a>MedicationRequest/medrx0320</a></p><p><b>type</b>: Refill - Part Fill <span>(Details : {http://hl7.org/fhir/v3/ActCode code &#39;RFP&#39; = &#39;Refill - Part Fill&#39;, given as &#39;Refill - Part Fill&#39;})</span></p><p><b>quantity</b>: 10 ml<span> (Details: UCUM code ml = &#39;ml&#39;)</span></p><p><b>daysSupply</b>: 30 Day<span> (Details: UCUM code d = &#39;d&#39;)</span></p><p><b>whenPrepared</b>: 25/06/2015 7:13:00 AM</p><p><b>dosageInstruction</b>: </p></div></text><status value="in-progress"/>
    <medicationCodeableConcept>
        <coding>
            <system value="http://www.nlm.nih.gov/research/umls/rxnorm"/>
            <code value="285018"/>
            <display value="Lantus 100 unit/ml injectable solution"/>
        </coding>
    </medicationCodeableConcept>
    <subject>
        <reference value="Patient/pat1"/>
        <display value="Donald Duck "/> 
    </subject>
    <performer>
        <actor>
            <reference value="Practitioner/f006"/>
        </actor>
        <onBehalfOf>
            <reference value="Organization/2.16.840.1.113883.19.5"/>
        </onBehalfOf>
    </performer>
    <authorizingPrescription>
        <reference value="MedicationRequest/medrx0320"/>
    </authorizingPrescription>
    <type>
        <coding>
            <system value="http://hl7.org/fhir/v3/ActCode"/>
            <code value="RFP"/>
            <display value="Refill - Part Fill"/>
        </coding>
    </type>
    <quantity>
        <value value="10"/>
        <system value="http://unitsofmeasure.org"/>
        <code value="ml"/>
    </quantity>
    <daysSupply>
        <value value="30"/>
        <unit value="Day"/>
        <system value="http://unitsofmeasure.org"/>
        <code value="d"/>
    </daysSupply>
    <whenPrepared value="2015-06-25T07:13:00+05:00"/>
    <dosageInstruction>
        <sequence value="1"/>
        <text value="20 Units SC three times daily"/>
        <timing>
            <repeat>
                <frequency value="3"/>
                <period value="1"/>
                <periodUnit value="d"/>
            </repeat>
        </timing>
        <route>
            <coding>
                <system value="http://snomed.info/sct"/>
                <code value="263887005"/>
                <display value="Subcutaneous (qualifier value)"/>
            </coding>
        </route>
        <doseQuantity>
            <value value="20"/>
            <unit value="U"/>
            <system value="http://unitsofmeasure.org"/>
            <code value="U"/>
        </doseQuantity>
    </dosageInstruction> 
</MedicationDispense>