<?xml version="1.0" encoding="UTF-8"?><MedicationRequest xmlns="http://hl7.org/fhir">
    <id value="medrx0331"/>
    <text><status value="generated"/><div xmlns="http://www.w3.org/1999/xhtml"><p><b>Generated Narrative with Details</b></p><p><b>id</b>: medrx0331</p><p><b>contained</b>: </p><p><b>identifier</b>: 12345689 (OFFICIAL)</p><p><b>status</b>: active</p><p><b>intent</b>: order</p><p><b>medication</b>: id: med0350; Warfarin Sodium <span>(Details : {RxNorm code &#39;114194&#39; = &#39;Warfarin Sodium&#39;, given as &#39;Warfarin Sodium&#39;})</span>; isBrand; Oral Tablet <span>(Details : {SNOMED CT code &#39;421026006&#39; = &#39;Oral tablet&#39;, given as &#39;Oral Tablet&#39;})</span></p><p><b>subject</b>: <a>Donald Duck</a></p><p><b>authoredOn</b>: 15/01/2015</p><h3>Requesters</h3><table><tr><td>-</td><td><b>Agent</b></td><td><b>OnBehalfOf</b></td></tr><tr><td>*</td><td><a>Patrick Pump</a></td><td><a>Organization/f002</a></td></tr></table><p><b>dosageInstruction</b>: </p><h3>DispenseRequests</h3><table><tr><td>-</td><td><b>ValidityPeriod</b></td><td><b>NumberOfRepeatsAllowed</b></td><td><b>Quantity</b></td><td><b>ExpectedSupplyDuration</b></td></tr><tr><td>*</td><td>15/01/2015 --&gt; 15/01/2016</td><td>3</td><td>30 TAB<span> (Details: http://hl7.org/fhir/v3/orderableDrugForm code TAB = &#39;Tablet&#39;)</span></td><td>30 days<span> (Details: UCUM code d = &#39;d&#39;)</span></td></tr></table><h3>Substitutions</h3><table><tr><td>-</td><td><b>Allowed</b></td><td><b>Reason</b></td></tr><tr><td>*</td><td>true</td><td>formulary policy <span>(Details : {http://hl7.org/fhir/v3/ActReason code &#39;FP&#39; = &#39;formulary policy&#39;, given as &#39;formulary policy&#39;})</span></td></tr></table></div></text><contained>
        <Medication>
            <id value="med0350"/>
            <code>
                <coding>
                    <system value="http://www.nlm.nih.gov/research/umls/rxnorm"/>
                    <code value="114194"/>
                    <display value="Warfarin Sodium"/>
                </coding>
            </code>
            <isBrand value="true"/>
                <form>
                    <coding>
                        <system value="http://snomed.info/sct"/>
                        <code value="421026006"/>
                        <display value="Oral Tablet"/>
                    </coding>
                </form>
            
        </Medication>
    </contained>
    <identifier>
        <use value="official"/>
        <system value="http://www.bmc.nl/portal/prescriptions"/>
        <value value="12345689"/>
    </identifier>
    <status value="active"/>
    <intent value="order">
    </intent>
    <medicationReference>
        <reference value="#med0350"/>
    </medicationReference>
    <subject>
        <!--   Linked to the resource patient who needs the medication   -->
        <reference value="Patient/pat1"/>
        <display value="Donald Duck"/>
    </subject>
    <authoredOn value="2015-01-15"/>
    <requester>
        <agent>
            <reference value="Practitioner/f007"/>
            <display value="Patrick Pump"/>
        </agent>
        <onBehalfOf>
            <reference value="Organization/f002"/>
        </onBehalfOf>
    </requester>
    <dosageInstruction>
        <sequence value="1"/>
        <text value="7mg once daily"/>
        <timing>
            <repeat>
                <frequency value="1"/>
                <period value="1"/>
                <periodUnit value="d"/>
            </repeat>
        </timing>
        <doseQuantity>
            <value value="7"/>
            <unit value="mg"/>
            <system value="http://unitsofmeasure.org"/>
            <code value="mg"/>
        </doseQuantity>
    </dosageInstruction>
    <dispenseRequest>
        <validityPeriod>
            <start value="2015-01-15"/>
            <end value="2016-01-15"/>
        </validityPeriod>
        <numberOfRepeatsAllowed value="3"/>
        <quantity>
            <value value="30"/>
            <unit value="TAB"/>
            <system value="http://hl7.org/fhir/v3/orderableDrugForm"/>
            <code value="TAB"/> 
        </quantity>
        <expectedSupplyDuration>
            <value value="30"/>
            <unit value="days"/>
            <system value="http://unitsofmeasure.org"/>
            <code value="d"/> 
        </expectedSupplyDuration>
    </dispenseRequest>   
    <substitution>
        <allowed value="true"/>
        <reason>
            <coding>
                <system value="http://hl7.org/fhir/v3/ActReason"/>
                <code value="FP"/>
                <display value="formulary policy"/>             
            </coding>
        </reason>
    </substitution>
</MedicationRequest>