<?xml version="1.0" encoding="UTF-8"?><MedicationDispense xmlns="http://hl7.org/fhir">
    <id value="meddisp0315"/>
    <text><status value="generated"/><div xmlns="http://www.w3.org/1999/xhtml"><p><b>Generated Narrative with Details</b></p><p><b>id</b>: meddisp0315</p><p><b>contained</b>: </p><p><b>status</b>: in-progress</p><p><b>medication</b>: Alprazolam 0.25mg (Xanax). Generated Summary: id: med0314; Alprazolam 0.25mg (Xanax) <span>(Details : {RxNorm code &#39;562721&#39; = &#39;Amylases / CELLULASE / Endopeptidases / Hyoscyamine / Lipase / phenyltoloxamine Oral Capsule&#39;, given as &#39;Alprazolam 0.25mg (Xanax)&#39;})</span></p><p><b>subject</b>: <a>Donald Duck </a></p><h3>Performers</h3><table><tr><td>-</td><td><b>Actor</b></td><td><b>OnBehalfOf</b></td></tr><tr><td>*</td><td><a>Practitioner/f006</a></td><td><a>Organization/2.16.840.1.113883.19.5</a></td></tr></table><p><b>authorizingPrescription</b>: <a>MedicationRequest/medrx0305</a></p><p><b>type</b>: Refill - Part Fill <span>(Details : {http://hl7.org/fhir/v3/ActCode code &#39;RFP&#39; = &#39;Refill - Part Fill&#39;, given as &#39;Refill - Part Fill&#39;})</span></p><p><b>quantity</b>: 30 TAB<span> (Details: UCUM code TAB = &#39;TAB&#39;)</span></p><p><b>daysSupply</b>: 10 Day<span> (Details: UCUM code d = &#39;d&#39;)</span></p><p><b>whenPrepared</b>: 25/06/2015 7:13:00 AM</p><p><b>whenHandedOver</b>: 26/06/2015 7:13:00 AM</p><p><b>dosageInstruction</b>: </p></div></text><contained>
        <Medication>
            <id value="med0314"/>
            <code>
                <coding>
                    <system value="http://www.nlm.nih.gov/research/umls/rxnorm"/>
                    <code value="562721"/>
                    <display value="Alprazolam 0.25mg (Xanax)"/>
                </coding>
            </code>
        </Medication>
    </contained>
    <status value="in-progress"/>
    <medicationReference>
        <!--   Linked to a RESOURCE Medication   -->
        <reference value="#med0314"/>
        <display value="Alprazolam 0.25mg (Xanax)"/>
    </medicationReference>
    <subject>
        <reference value="Patient/pat1"/>
        <display value="Donald Duck "/> 
    </subject>
    <performer>
        <actor>
            <reference value="Practitioner/f006"/>
        </actor>
        <onBehalfOf>
            <reference value="Organization/2.16.840.1.113883.19.5"/>
        </onBehalfOf>
    </performer>
    <authorizingPrescription>
        <reference value="MedicationRequest/medrx0305"/>
    </authorizingPrescription>
    <type>
        <coding>
            <system value="http://hl7.org/fhir/v3/ActCode"/>
            <code value="RFP"/>
            <display value="Refill - Part Fill"/>
        </coding>
    </type>
    <quantity>
        <value value="30"/>
        <system value="http://unitsofmeasure.org"/>
        <code value="TAB"/>
    </quantity>
    <daysSupply>
        <value value="10"/>
        <unit value="Day"/>
        <system value="http://unitsofmeasure.org"/>
        <code value="d"/>
    </daysSupply>
    <whenPrepared value="2015-06-25T07:13:00+05:00"/>
    <whenHandedOver value="2015-06-26T07:13:00+05:00"/>
    <dosageInstruction>
        <sequence value="1"/>
        <text value="0.25mg PO every 6-12 hours as needed for menses from Jan 15-20, 2015.  Do not exceed more than 4mg per day"/>
        <additionalInstruction>
            <coding>
                <system value="http://snomed.info/sct"/>
                <code value="418914006"/>
                <display value="Warning. May cause drowsiness. If affected do not drive or operate machinery. Avoid alcoholic drink (qualifier value)"/>
            </coding>
        </additionalInstruction>
        <timing>
            <repeat>
                <boundsPeriod>
                    <start value="2015-01-15"/>
                    <end value="2015-01-20"/>
                </boundsPeriod>
                <frequency value="1"/>
                <period value="6"/>
                <periodMax value="12"/>
                <periodUnit value="h"/>
            </repeat>
        </timing>
        <asNeededCodeableConcept>
            <coding>
                <system value="http://snomed.info/sct"/>
                <code value="266599000"/>
                <display value="Dysmenorrhea (disorder)"/>
            </coding>
        </asNeededCodeableConcept>
        <route>
            <coding>
                <system value="http://snomed.info/sct"/>
                <code value="26643006"/>
                <display value="Oral Route"/>
            </coding>
        </route>
        <doseQuantity>
            <value value="1"/>
            <unit value="TAB"/>
            <system value="http://hl7.org/fhir/v3/orderableDrugForm"/>
            <code value="TAB"/> 
        </doseQuantity>
    </dosageInstruction>
</MedicationDispense>