<?xml version="1.0" encoding="UTF-8"?><MedicationAdministration xmlns="http://hl7.org/fhir"> 
  <id value="medadmin0304"/>
  <text><status value="generated"/><div xmlns="http://www.w3.org/1999/xhtml"><p><b>Generated Narrative with Details</b></p><p><b>id</b>: medadmin0304</p><p><b>contained</b>: </p><p><b>status</b>: completed</p><p><b>medication</b>: id: med0303; Alemtuzumab 10mg/ml (Lemtrada) <span>(Details : {RxNorm code &#39;1594660&#39; = &#39;alemtuzumab 10 MG/ML [Lemtrada]&#39;, given as &#39;Alemtuzumab 10mg/ml (Lemtrada)&#39;})</span></p><p><b>subject</b>: <a>Donald Duck</a></p><p><b>context</b>: <a>encounter who leads to this prescription</a></p><p><b>effective</b>: 15/01/2015 4:30:00 AM --&gt; 15/01/2015 2:30:00 PM</p><h3>Performers</h3><table><tr><td>-</td><td><b>Actor</b></td></tr><tr><td>*</td><td><a>Patrick Pump</a></td></tr></table><p><b>reasonReference</b>: <a>Condition/f202</a></p><p><b>prescription</b>: <a>MedicationRequest/medrx0319</a></p><h3>Dosages</h3><table><tr><td>-</td><td><b>Text</b></td><td><b>Route</b></td><td><b>Method</b></td><td><b>Dose</b></td></tr><tr><td>*</td><td>Rapid daily-dose escalation, until tolerated, from 3 mg/d, and then 10 mg/d, to the recommended maintenance dose of 30 mg IV over 120 min, 3 times per wk on alternate days for up to 12 wk</td><td>Intravenous route (qualifier value) <span>(Details : {SNOMED CT code &#39;47625008&#39; = &#39;Intravenous route&#39;, given as &#39;Intravenous route (qualifier value)&#39;})</span></td><td>Inject - dosing instruction imperative (qualifier value) <span>(Details : {SNOMED CT code &#39;422145002&#39; = &#39;Inject&#39;, given as &#39;Inject - dosing instruction imperative (qualifier value)&#39;})</span></td><td>3 mg<span> (Details: UCUM code mg = &#39;mg&#39;)</span></td></tr></table></div></text><contained>
    <Medication>
      <id value="med0303"/>
      <code>
        <coding>
          <system value="http://www.nlm.nih.gov/research/umls/rxnorm"/>
          <code value="1594660"/>
          <display value="Alemtuzumab 10mg/ml (Lemtrada)"/>
        </coding>
      </code>
    </Medication>
  </contained>
  <status value="completed"/>
  <medicationReference>
    <reference value="#med0303"/> 
  </medicationReference>
 <subject>
   <reference value="Patient/pat1"/>
   <display value="Donald Duck"/> 
  </subject>
  <context> 
    <reference value="Encounter/f001"/>
    <display value="encounter who leads to this prescription"/>
  </context>
 <effectivePeriod>
  <start value="2015-01-15T04:30:00+01:00"/>
   <end value="2015-01-15T14:30:00+01:00"/>
</effectivePeriod>
  <performer>
    <actor>
      <reference value="Practitioner/f007"/>
      <display value="Patrick Pump"/>
    </actor>
  </performer>
  <reasonReference>
    <reference value="Condition/f202"/>
  </reasonReference>
  <prescription>
    <reference value="MedicationRequest/medrx0319"/>
  </prescription>
  <dosage>
    <text value="Rapid daily-dose escalation, until tolerated, from 3 mg/d, and then 10 mg/d, to the recommended maintenance dose of 30 mg IV over 120 min, 3 times per wk on alternate days for up to 12 wk"/>
    <route>
      <coding>
        <system value="http://snomed.info/sct"/>
        <code value="47625008"/>
        <display value="Intravenous route (qualifier value)"/>
      </coding>
    </route>
    <method>
      <coding>
        <system value="http://snomed.info/sct"/>
        <code value="422145002"/>
        <display value="Inject - dosing instruction imperative (qualifier value)"/>
      </coding>
    </method>
    <dose>
      <value value="3"/>
      <unit value="mg"/>
      <system value="http://unitsofmeasure.org"/>
      <code value="mg"/>
    </dose>
  </dosage>
</MedicationAdministration>