<?xml version="1.0" encoding="UTF-8"?><Medication xmlns="http://hl7.org/fhir">
   <id value="med0317"/>
   <text><status value="generated"/><div xmlns="http://www.w3.org/1999/xhtml"><p><b>Generated Narrative with Details</b></p><p><b>id</b>: med0317</p><p><b>isBrand</b>: false</p><p><b>form</b>: Injection Solution (qualifier value) <span>(Details : {SNOMED CT code &#39;385219001&#39; = &#39;Injection solution&#39;, given as &#39;Injection Solution (qualifier value)&#39;})</span></p><blockquote><p><b>ingredient</b></p><p><b>item</b>: Potassium Chloride <span>(Details : {RxNorm code &#39;204520&#39; = &#39;potassium chloride 2 MEQ in 1 ML Injectable Solution&#39;, given as &#39;Potassium Chloride&#39;})</span></p><p><b>amount</b>: 2 mEq<span> (Details: UCUM code mEq = &#39;mEq&#39;)</span>/1 mL<span> (Details: UCUM code mL = &#39;mL&#39;)</span></p></blockquote><blockquote><p><b>ingredient</b></p><p><b>item</b>: Sodium Chloride 0.9% injectable solution <span>(Details : {RxNorm code &#39;313002&#39; = &#39;Sodium Chloride 9 MG/ML Injectable Solution&#39;, given as &#39;Sodium Chloride 0.9% injectable solution&#39;})</span></p><p><b>amount</b>: 0.9 g<span> (Details: UCUM code g = &#39;g&#39;)</span>/100 mL<span> (Details: UCUM code mL = &#39;mL&#39;)</span></p></blockquote></div></text><isBrand value="false"/>
      <form>
         <coding>
            <system value="http://snomed.info/sct"/>
            <code value="385219001"/>
            <display value="Injection Solution (qualifier value)"/>
         </coding>
         <text value="Injection Solution (qualifier value)"/>
      </form>
      <ingredient>
         <itemCodeableConcept>
            <coding>
               <system value="http://www.nlm.nih.gov/research/umls/rxnorm"/>
               <code value="204520"/>
               <display value="Potassium Chloride"/>
            </coding>
         </itemCodeableConcept>
         <amount>
            <numerator>
               <value value="2"/>
               <system value="http://unitsofmeasure.org"/>
               <code value="mEq"/>
            </numerator>
            <denominator>
               <value value="1"/>
               <system value="http://unitsofmeasure.org"/>
               <code value="mL"/>
            </denominator>
         </amount>
      </ingredient>
      <ingredient>
         <itemCodeableConcept>
            <coding>
               <system value="http://www.nlm.nih.gov/research/umls/rxnorm"/>
               <code value="313002"/>
               <display value="Sodium Chloride 0.9% injectable solution"/>
            </coding>
         </itemCodeableConcept>
         <amount>
            <numerator>
               <value value="0.9"/>
               <system value="http://unitsofmeasure.org"/>
               <code value="g"/>
            </numerator>
            <denominator>
               <value value="100"/>
               <system value="http://unitsofmeasure.org"/>
               <code value="mL"/>
            </denominator>
         </amount>
      </ingredient>
   
</Medication>